UserScreenName,UserName,Timestamp,Text,Embedded_text,Emojis,Comments,Likes,Retweets,Image link,Tweet URL
Valentin,@ValentinBroion,2021-07-10T13:22:53.000Z,"Valentin
@ValentinBroion
Â·
10 juil.","En rÃ©ponse Ã  
@nicoseosem
Petite coquille dans Auto/Moteur : http://commeuncamion.com contrairement a ce que laisse penser le NDD, c'est pas vraiment un site Automobile ;)
1
3",,1,,3,[],https://twitter.com/ValentinBroion/status/1413851218686971907
ğ‘µğ’Šğ’„ğ’ ğ—¦ğ—˜ğ—¢ğ•Šğ”¼ğ•„ - SEO en,@nicoseosem,2021-07-10T17:34:53.000Z,"ğ‘µğ’Šğ’„ğ’ ğ—¦ğ—˜ğ—¢ğ•Šğ”¼ğ•„ - SEO en
@nicoseosem
Â·
10 juil.","Merci Valentin , en effet, je le sortirai du palmarÃ¨s. 
Il est probable (on est samedi, je checkerai lundi) que le domaine rankait sur des keywords ""moteurs"" lors d'updates prÃ©cÃ©dent.
Encore merci
1",ğŸ‘,,,1,[],https://twitter.com/nicoseosem/status/1413914637771358212
Raphael Doucet,@RaphSEO,2021-07-10T12:23:09.000Z,"Raphael Doucet
@RaphSEO
Â·
10 juil.","En rÃ©ponse Ã  
@nicoseosem
  et  
@webrankinfo
tout se passe merveilleusement bien :D
1",,1,,,['https://pbs.twimg.com/media/E570gbaWYAI-tWr?format=jpg&name=small'],https://twitter.com/RaphSEO/status/1413836185424826369
ğ‘µğ’Šğ’„ğ’ ğ—¦ğ—˜ğ—¢ğ•Šğ”¼ğ•„ - SEO en,@nicoseosem,2021-07-10T17:29:43.000Z,"ğ‘µğ’Šğ’„ğ’ ğ—¦ğ—˜ğ—¢ğ•Šğ”¼ğ•„ - SEO en
@nicoseosem
Â·
10 juil.","Le massacre ! Passer de 33% des keywords en page a la moitiÃ©...
1",,1,,,[],https://twitter.com/nicoseosem/status/1413913338275323906
Les threads de l'insomnie,@Threadsinsomnie,2021-07-12T00:39:27.000Z,"Les threads de l'insomnie
@Threadsinsomnie
Â·
12 juil.","En rÃ©ponse Ã  
@Threadsinsomnie
50) C'est quoi LE truc qui vous sÃ©duit chez une personne ? 
3
91
3",ğŸ˜,3,91,3,[],https://twitter.com/Threadsinsomnie/status/1414383871832039442
SecrÃ©tariat Illuminati,@patatte1,2021-07-12T11:48:06.000Z,"SecrÃ©tariat Illuminati
@patatte1
Â·
12 juil.",C'est perso  et Ã§a risquerait de choquer quelques personnes si je publiais tous med keywords de site porno,,,,,[],https://twitter.com/patatte1/status/1414552142929670149
Azrod,@Azrod19978276,2021-07-16T11:37:21.000Z,"Azrod
@Azrod19978276
Â·
16 juil.","En rÃ©ponse Ã  
@Ageritsu
 @Sf21901410
  et 2 autres personnes
Câ€™est du trashtalk mais ils disent dans leurs stream Â« jâ€™espÃ¨re quâ€™il vas se suicider Â»
1",,1,,,[],https://twitter.com/Azrod19978276/status/1415998990286471168
A.C,@Ageritsu,2021-07-16T13:12:40.000Z,"A.C
@Ageritsu
Â·
16 juil.","Bah c'est pour Ã§a que sur un stream t'as ce qu'on appelle la modÃ©ration, les bans, et les bots qui peuvent aussi insta ban certains keywords 
1",,1,,,[],https://twitter.com/Ageritsu/status/1416022975191687170
Xavier Mouto[N]-Dubosc,@dascritch,2021-07-18T10:15:21.000Z,"Xavier Mouto[N]-Dubosc
@dascritch
Â·
18 juil.","C'est trÃ¨s drÃ´le de voir encore beaucoup de sites utiliser <meta type=""keywords""....
Une balise qui n'a eu d'utilitÃ© que 18 mois en 2000.
eh oui 
Know your classics, know your basics, read the standards, search the intend
DEV Community
@ThePracticalDev
 Â· 18 juil.
Here, I will be explaining how search engines work and the different components that work together to deliver results to you - FAST.

{ author: @ElegberunDaniel } #DEVCommunity
https://dev.to/gbengelebs/how-search-engines-work-finding-a-needle-in-a-haystack-4lnpâ€¦
3
3
6",ğŸ¤·,3,3,6,['https://pbs.twimg.com/profile_images/1389789795065335809/A8H1fuQb_mini.jpg'],https://twitter.com/dascritch/status/1416703128469131266
Lahouaria ChÃ©rif,@CherifLahouaria,2021-07-17T22:23:49.000Z,"Lahouaria ChÃ©rif
@CherifLahouaria
Â·
18 juil.","Demandez Ã  Google Ã  propos de la banque de Pfizer: 
RÃ©ponse: Emmanuel macron, le prÃ©sident de la France.   #Passanitaire   #antivaxx   #manif17juillet
24
17
59",,24,17,59,['https://pbs.twimg.com/media/E6iBBbgXsAAZ451?format=png&name=small'],https://twitter.com/CherifLahouaria/status/1416524065347604485
Damien,@UltraRush3,2021-07-18T08:07:44.000Z,"Damien
@UltraRush3
Â·
18 juil.","Bordel les vieux qui n'ont toujours pas appris le concept des keywords
6",,,,6,[],https://twitter.com/UltraRush3/status/1416671010368233472
Rusk0f,@CryptoRusk0f,2021-07-19T09:56:35.000Z,"Rusk0f
@CryptoRusk0f
Â·
19 juil.","Bonjour & bon dÃ©but de semaine Ã  tous les optimistes, curieux et passionnÃ©s 

Vous pouvez passer la semaine Ã  stresser devant une potentielle chute du #BTC Ã  20k$, ou vous pouvez continuer Ã  apprendre / analyser les tendances & chercher les  de demain

J'ai choisi mon camp 
13
2
124",ğŸ‘‹ ğŸ’ ğŸ˜,13,2,124,[],https://twitter.com/CryptoRusk0f/status/1417060793124798465
Artichaut Breton,@ArtichautBreton,2021-07-19T10:06:31.000Z,"Artichaut Breton
@ArtichautBreton
Â·
19 juil.","Salut Rusk0f, toi qui aime ce secteur, tu penses quoi du $DND ? https://dungeonswap.app C'est un jeu qui rassemble tous les keywords : DEFI+NFT+Game avec juste 2-3 millions de marketcap et le jeu qui sort Ã  la fin du mois. Je pense qu'il y a un trÃ¨s bon potentiel de pump.
dungeonswap.app
DungeonSwap - The first Defi RPG on the Binance Smart Chain. Stake now, earn DND token and get...
 DungeonSwap - The first Defi RPG on the Binance Smart Chain. Stake now, earn DND token and get ready for your dungeon adventure!
3",ğŸ² ğŸ²,3,,,[],https://twitter.com/ArtichautBreton/status/1417063294880423937
â€” è«,@ha4ku,2021-07-20T00:29:32.000Z,"â€” è«
@ha4ku
Â·
20 juil.","par contre jâ€™ai envie de criser jâ€™ai perdu le gÃ©nÃ©rateur de keywords pr l chatrooms bizr dcp Ã§a f 10 min jspr tomber sur 1 random et Ã§a fonctionne PAS
GIF
1",,,,1,[],https://twitter.com/ha4ku/status/1417280476369330176
loona prompt bot,@loonapromptbot,2021-07-20T21:44:16.000Z,"loona prompt bot
@loonapromptbot
Â·
20 juil.","yves + hyunjin reincarnation au
 keywords: procrastination, bandit, saxophone",,,,,[],https://twitter.com/loonapromptbot/status/1417601277211598853
Cristina FR/ES. Google Ads / Tracking,@CristinaHP_FR,2021-07-21T07:24:43.000Z,"Cristina FR/ES. Google Ads / Tracking
@CristinaHP_FR
Â·
21 juil.","tips #googleads #keywords #CPC 
Un mot clÃ© vous amÃ¨ne des mauvais leads ?

Pensez Ã  :
 L'ajouter en tant que mot clÃ© nÃ©gatif
 Le supprimer de votre ciblage de mots clÃ©s 

Ne le mettez pas en pause. Une fois que vous avez ciblÃ© un mot clÃ©, le pauser ne sera pas suffisant !
1
3",ğŸ“› âŒ â¤µ,,1,3,[],https://twitter.com/CristinaHP_FR/status/1417747350978809858
Agence Indexel,@Indexel,2021-07-21T09:30:35.000Z,"Agence Indexel
@Indexel
Â·
21 juil."," Attention chambardement dans le #seo ! La #recherchevisuelle dÃ©barque dans le #marketing ! Serait-ce la fin de nos traditionnels #keywords ?
#DigitalMarketing #requetegoogle
https://bit.ly/2W1vNrf
2",ğŸ’£,,2,,['https://pbs.twimg.com/media/E6z2ghiXoAAbKUV?format=jpg&name=small'],https://twitter.com/Indexel/status/1417779024877735937
Doeurfâ„¢ Fred Bobet - www.trikaya.fr,@Doeurf,2021-07-21T13:35:36.000Z,"Doeurfâ„¢ Fred Bobet - www.trikaya.fr
@Doeurf
Â·
21 juil.","En rÃ©ponse Ã  
@asyncr0ne
 @S_D_DAY
  et  
@screamingfrog
On peut mÃªme dÃ©tecter les meta keywords viiiideees !! Bon allÃ© j'en dit pas plus je vais tout spoil :D
1
3",â˜£,1,,3,[],https://twitter.com/Doeurf/status/1417840685508661253
ZachaRyan,@WBNC2,2021-07-22T04:09:13.000Z,"ZachaRyan
@WBNC2
Â·
22 juil.","En rÃ©ponse Ã  
@Jenndola
Many places search for keywords on your rÃ©sumÃ©. Try to customize your rÃ©sumÃ© to each position
4",,,,4,[],https://twitter.com/WBNC2/status/1418060539951943682
Kpop prompt bot,@PromptsM,2021-07-23T03:44:55.000Z,"Kpop prompt bot
@PromptsM
Â·
23 juil.","changjin arranged marriage au
 keywords: cock rings, voyeurism",,,,,[],https://twitter.com/PromptsM/status/1418416812149051398
CâŠ—NCâŠ—MBRE BâŠ•T,@LaDeb0t,2021-07-24T15:40:21.000Z,"CâŠ—NCâŠ—MBRE BâŠ•T
@LaDeb0t
Â·
24 juil.","C'est bon, point 1jeune1solution, Ã§a allonge les habituels keywords et microexemples qui ne peut pas fâ€¦.",,,,,[],https://twitter.com/LaDeb0t/status/1418959244360097795
Nomad #Mentor,@iNomad92,2021-07-26T16:01:14.000Z,"Nomad #Mentor
@iNomad92
Â·
26 juil.","En rÃ©ponse Ã  
@proportionnell2
  et  
@Proportionnelle
Ce qui me fume c'est que t'as quand mÃªme 200 keywords de ban dÃ©jÃ  MDR
1",,1,,,[],https://twitter.com/iNomad92/status/1419689276208521217
Boooom!,@BOTHome2,2021-07-28T19:44:05.000Z,"Boooom!
@BOTHome2
Â·
28 juil.",Keywords Studios ouvre de nouveaux studios d'enregistrement Ã  Paris,,,,,[],https://twitter.com/BOTHome2/status/1420470131461967873
Audrey Tips,@audreytipsfr,2021-07-28T14:44:03.000Z,"Audrey Tips
@audreytipsfr
Â·
28 juil.","#SEO  Comment trouver vos mots-clÃ©s LSI ?
 Sur Google 
 Suggestions de recherche
  Saisie semi-automatique
 Autres questions posÃ©es
 Semrush Keyword Magic Tool
 Answer The Public
 Keywords Everywhere
.
#contentmarketing
 
@Redacteurcom
 
https://buff.ly/3ykBSgk
1
3",ğŸ” ğŸ‘‰ â¬‡ â¡ â¡ â¡ ğŸ‘‰ ğŸ‘‰ ğŸ‘‰ âœ,,1,3,['https://pbs.twimg.com/media/E7ZBYgoXIAQtZ0r?format=jpg&name=small'],https://twitter.com/audreytipsfr/status/1420394625639108608
Â©mOvendiOmnivisiOn Think Tank,@mOvOmnivisiOn,2021-07-29T19:37:08.000Z,"Â©mOvendiOmnivisiOn Think Tank
@mOvOmnivisiOn
Â·
29 juil.","ClÃ©s de Recherches utiles sur ce fil
>>
#Research keywords on thread
=
ClÃ©s Pasteur violation sujet #Grapheneoxide resolution
Council Conseil Earth Thesis
devil mind
>
WHO WHAT WHY WHERE INSIDE OUTSIDE
above below exceptional trial Nuremberg
#CNN #LCI #derspiegel #BBC #Russia",ğŸ§ â¬‡,,,,"['https://pbs.twimg.com/media/E7fN6sdVkAIL0fb?format=jpg&name=360x360', 'https://pbs.twimg.com/media/E7fN6sfVgAYh16Y?format=jpg&name=360x360']",https://twitter.com/mOvOmnivisiOn/status/1420830772454322178
Antoine Eripret,@antoineripret,2021-07-30T09:21:19.000Z,"Antoine Eripret
@antoineripret
Â·
30 juil.","En rÃ©ponse Ã  
@nicoseosem
Merci du partage Nico! 
1
1",ğŸ˜ƒ,1,,1,[],https://twitter.com/antoineripret/status/1421038186759864321
Victor,@VictorGlogowski,2021-07-30T09:46:05.000Z,"Victor
@VictorGlogowski
Â·
30 juil.","TrÃ¨s bonne idÃ©e comme plugin !
Question : vous rÃ©coltez les volumes oÃ¹ ? Google Keywords Planner ? Autre ?
1",ğŸ™‚,1,,,[],https://twitter.com/VictorGlogowski/status/1421044417809592323
Ralaros,@DaEnzymes,2021-07-31T22:27:38.000Z,"Ralaros
@DaEnzymes
Â·
1 aoÃ»t","Haaaa,quand mÃªme !!
Bernard-Henri LÃ©vy
@BHL
 Â· 31 juil.
La foule manquant lyncher un pharmacienâ€¦ Le goÃ»t de la violenceâ€¦ Des Â«Qui?Â» conspirationnistesâ€¦ Un quarteron de politiciens en dÃ©route alliÃ©s pour aviver la haineâ€¦ Le pire des #GiletsJaunes en renfort des #AntiPassSanitaireâ€¦ Nos annÃ©es 30 commencent peut Ãªtre aujourdâ€™hui.
3
2
21",âŒ› ğŸ¿,3,2,21,['https://pbs.twimg.com/profile_images/810142191851016192/Ju6Wj29n_mini.jpg'],https://twitter.com/DaEnzymes/status/1421598454296551426
RoOsTer,@RoosterV4,2021-07-31T22:32:02.000Z,"RoOsTer
@RoosterV4
Â·
1 aoÃ»t","Magique, lâ€™empilement de keywords en un seul touite 
3
15",ğŸ“ ğŸ¤©,3,,15,[],https://twitter.com/RoosterV4/status/1421599564327526411
OUDJAT,@OUDJAT13,2021-07-31T18:50:43.000Z,"OUDJAT
@OUDJAT13
Â·
31 juil.","Et on me demande de croire encore en l'humanitÃ©...? 
Cela fait bien longtemps que je n'ai plus la prÃ©tention de participer Ã  son amÃ©lioration comme certains l'entendent. 

Que chacun se trouve un miroir afin de commencer le travail sur soi.
Dr HÃ©lÃ¨ne Rossinot
@helenerossinot
 Â· 31 juil.
Quelle honte  Ca suffit maintenant ! Agression du pharmacien, insultes de Â« collabos Â» envers les soignantsâ€¦ Câ€™est intolÃ©rable ! 
6
3
7",ğŸŒš ğŸŒ ğŸ˜ ğŸ¤® ğŸ¤® ğŸ¤® ğŸ¤¬,6,3,7,"['https://pbs.twimg.com/profile_images/1414134587882676224/1NslXIpS_mini.jpg', 'https://pbs.twimg.com/ext_tw_video_thumb/1421471003356581888/pu/img/dujBQaZ1seFiR_eR.jpg']",https://twitter.com/OUDJAT13/status/1421543864729587715
Olivier Antoine Cald,@Olivancalderone,2021-07-31T19:24:16.000Z,"Olivier Antoine Cald
@Olivancalderone
Â·
31 juil.","Quelques keywords dans le dÃ©sordre : A10, uranium appauvri, ogive de .20mm, 20 secondes de rafale ! Brrrrrrrr 
1",ğŸ˜,1,,,[],https://twitter.com/Olivancalderone/status/1421552309276925954
Mediatree,@mediatree_fr,2021-08-02T14:57:07.000Z,"Mediatree
@mediatree_fr
Â·
2 aoÃ»t","Quelles sont les #actualitÃ©s de ce mois de Juillet ? 
Voici notre recapâ€™ de la mÃ©diatisation en #TV et #Radio de lâ€™actualitÃ© du mois
 Vous aussi surveillez tous les sujets dâ€™actualitÃ© grÃ¢ce Ã  notre plateforme #keywords !

Plus d'informations  http://mediatree.fr

#veille
1
3
4",ğŸ‘‰ â¡,1,3,4,['https://pbs.twimg.com/media/E7yz3yYWUAMFxw1?format=jpg&name=small'],https://twitter.com/mediatree_fr/status/1422209853733359616
Mysti,@SoMysti,2021-08-02T10:28:31.000Z,"Mysti
@SoMysti
Â·
2 aoÃ»t","En rÃ©ponse Ã  
@SoMysti
D'une part : non, viser un public ""gamer"" veut bel et bien dire quelque chose, dans les faits on va chercher des personnes qui possÃ¨dent des produits identifiÃ©s comme essentiels aux gamers et pas tous ont ces produits. Ensuite on va aller les chercher d'une certaine faÃ§on ...
1
2",ğŸ“–,1,,2,[],https://twitter.com/SoMysti/status/1422142259995320320
Mysti,@SoMysti,2021-08-02T10:28:31.000Z,"Mysti
@SoMysti
Â·
2 aoÃ»t","Parler ""leur langage"", Ãªtre dans ""leur culture"" (coucou Mario Kart, PokÃ©mon, Fortnite, Switch, PlayStation, Final Fantasy et oui vous Ãªtes des keywords trÃ¨s utiles) et on va axer donc la communication du produit/de l'information diffÃ©remment.
1
2",ğŸ“–,1,,2,[],https://twitter.com/SoMysti/status/1422142261505273856
le bon bro maxou,@FrairMaxou,2021-08-02T10:40:38.000Z,"le bon bro maxou
@FrairMaxou
Â·
2 aoÃ»t","Coucou, Ã§a fait longtemps
twitch.tv
FrairMaxou - Twitch
Je live Ã  mes heures perdues depuis Tokyo.
2
2",,2,,2,['https://pbs.twimg.com/card_img/1448948545265016833/A3dROygz?format=png&name=240x240'],https://twitter.com/FrairMaxou/status/1422145308910366722
barth thorsten,@beethorsten,2021-08-02T13:06:45.000Z,"barth thorsten
@beethorsten
Â·
2 aoÃ»t","Super plaisir de te revoir. Et en mode forÃ§age ^^

https://amazon.co.jp/VOX-ãƒ´ã‚©ãƒƒã‚¯ã‚¹-ãƒ˜ãƒƒãƒ‰ãƒ›ãƒ³ãƒ»ã‚®ã‚¿ãƒ¼ãƒ»ã‚¢ãƒ³ãƒ—-ã‚¢ãƒ³ãƒ—ãƒ©ã‚°2-amPlug/dp/B00NAUHX1G/ref=mp_s_a_1_1?dchild=1&keywords=vox+ac30&qid=1627909532&sprefix=vox+a&sr=8-1
1",,,,1,[],https://twitter.com/beethorsten/status/1422182079694090242
Romuald THION,@gromuald,2021-08-02T19:13:05.000Z,"Romuald THION
@gromuald
Â·
2 aoÃ»t","En rÃ©ponse Ã  
@SebiwanC
Ya des centaines de constantes Ã  la sÃ©mantique qui part dans tous les sens
1
1",,1,,1,[],https://twitter.com/gromuald/status/1422274271582343178
Romuald THION,@gromuald,2021-08-02T19:14:09.000Z,"Romuald THION
@gromuald
Â·
2 aoÃ»t","Sql ya plein de keywords mais lÃ  c'est un autre ordre de grandeur
1
2",,1,,2,[],https://twitter.com/gromuald/status/1422274539493363717
Tiph,@___namoy,2021-08-03T02:46:46.000Z,"Tiph
@___namoy
Â·
3 aoÃ»t","Du coup jâ€™ai une note avec des keywords pour chaque storytime et les personnes randoms et bienveillantes que jâ€™ai rencontrÃ©
Tiph
@___namoy
 Â· 3 aoÃ»t
2am and I miss Korea hours open (bc i was watching a YouTube video)
1",ğŸ¦‹ ğŸ¦‹,,,1,['https://pbs.twimg.com/profile_images/1442255395985268737/fqwp1bFj_mini.jpg'],https://twitter.com/___namoy/status/1422388443007553537
manawa,@miss_loko_,2021-08-09T19:03:11.000Z,"manawa
@miss_loko_
Â·
9 aoÃ»t","En rÃ©ponse Ã  
@MondesirZouzou
Les derniers sont souvent des fils Ã  maman; mÃªme sâ€™ils essaient, Ã§a pourrait Ãªtre difficile. Quant au 1er sâ€™il nâ€™est pas suffisamment autoritaire câ€™est mort
1",,1,,,[],https://twitter.com/miss_loko_/status/1424808496378306569
MZ,@MondesirZouzou,2021-08-09T19:05:32.000Z,"MZ
@MondesirZouzou
Â·
9 aoÃ»t","Comme je dis ce sont des clichÃ©s...
A l'impossible nul n'est tenu.

Les Keywords restent PersonnalitÃ© et sens de prioritÃ©.

Je suis un dernier et crois moi ceux qui me connaissent savent que je suis tres loin dun.fils a daronne. Apres jai un caractere bien trempÃ©",,,,,[],https://twitter.com/MondesirZouzou/status/1424809084583284745
